<?xml version="1.0" encoding="utf-8"?>
<scpd xmlns="urn:schemas-upnp-org:service-1-0">
<specVersion>
<major>1</major>
<minor>0</minor>
</specVersion>
<actionList>
<action>
<name>AddNetworkShare</name>
<argumentList>
<argument>
<name>name</name>
<direction>in</direction>
<relatedStateVariable>name</relatedStateVariable>
</argument>
<argument>
<name>path</name>
<direction>in</direction>
<relatedStateVariable>path</relatedStateVariable>
</argument>
<argument>
<name>user</name>
<direction>in</direction>
<relatedStateVariable>user</relatedStateVariable>
</argument>
<argument>
<name>pass</name>
<direction>in</direction>
<relatedStateVariable>pass</relatedStateVariable>
</argument>
</argumentList>
</action>
<action>
<name>ApplyChanges</name>
<argumentList>
<argument>
<name>configurationToken</name>
<direction>in</direction>
<relatedStateVariable>ARG_ConfigurationToken</relatedStateVariable>
</argument>
</argumentList>
</action>
<action>
<name>CancelChanges</name>
<argumentList>
<argument>
<name>configurationToken</name>
<direction>in</direction>
<relatedStateVariable>ARG_ConfigurationToken</relatedStateVariable>
</argument>
</argumentList>
</action>
<action>
<name>CancelFirmwareUpgrade</name>
</action>
<action>
<name>CheckForFirmwareUpgrade</name>
</action>
<action>
<name>DeleteNetworkShare</name>
<argumentList>
<argument>
<name>id</name>
<direction>in</direction>
<relatedStateVariable>id</relatedStateVariable>
</argument>
</argumentList>
</action>
<action>
<name>GetAccessPointList</name>
<argumentList>
<argument>
<name>configurationToken</name>
<direction>in</direction>
<relatedStateVariable>ARG_ConfigurationToken</relatedStateVariable>
</argument>
<argument>
<name>accessPointList</name>
<direction>out</direction>
<relatedStateVariable>ARG_AccessPointList</relatedStateVariable>
</argument>
</argumentList>
</action>
<action>
<name>GetActiveInterface</name>
<argumentList>
<argument>
<name>networkConfigurationId</name>
<direction>out</direction>
<relatedStateVariable>ARG_NetworkConfigurationID</relatedStateVariable>
</argument>
</argumentList>
</action>
<action>
<name>GetAudioConfig</name>
<argumentList>
<argument>
<name>AudioConfig</name>
<direction>out</direction>
<relatedStateVariable>AudioConfig</relatedStateVariable>
</argument>
</argumentList>
</action>
<action>
<name>GetAvrZoneStatus</name>
<argumentList>
<argument>
<name>status</name>
<direction>out</direction>
<relatedStateVariable>status</relatedStateVariable>
</argument>
</argumentList>
</action>
<action>
<name>GetBluetoothStatus</name>
<argumentList>
<argument>
<name>BTConfig</name>
<direction>out</direction>
<relatedStateVariable>BTConfig</relatedStateVariable>
</argument>
</argumentList>
</action>
<action>
<name>GetConfigurationStatus</name>
<argumentList>
<argument>
<name>configurationStatus</name>
<direction>out</direction>
<relatedStateVariable>ConfigurationStatus</relatedStateVariable>
</argument>
</argumentList>
</action>
<action>
<name>GetConfigurationToken</name>
<argumentList>
<argument>
<name>configurationToken</name>
<direction>out</direction>
<relatedStateVariable>ARG_ConfigurationToken</relatedStateVariable>
</argument>
</argumentList>
</action>
<action>
<name>GetCurrentLanguage</name>
<argumentList>
<argument>
<name>languageLocale</name>
<direction>out</direction>
<relatedStateVariable>CurrentLanguageLocale</relatedStateVariable>
</argument>
</argumentList>
</action>
<action>
<name>GetCurrentState</name>
<argumentList>
<argument>
<name>CurrentState</name>
<direction>out</direction>
<relatedStateVariable>LastChange</relatedStateVariable>
</argument>
</argumentList>
</action>
<action>
<name>GetDaylightSaving</name>
<argumentList>
<argument>
<name>daylightSaving</name>
<direction>out</direction>
<relatedStateVariable>DaylightSaving</relatedStateVariable>
</argument>
</argumentList>
</action>
<action>
<name>GetDevicePowerState</name>
<argumentList>
<argument>
<name>devicePower</name>
<direction>out</direction>
<relatedStateVariable>DevicePower</relatedStateVariable>
</argument>
</argumentList>
</action>
<action>
<name>GetFriendlyName</name>
<argumentList>
<argument>
<name>friendlyName</name>
<direction>out</direction>
<relatedStateVariable>ARG_FriendlyName</relatedStateVariable>
</argument>
</argumentList>
</action>
<action>
<name>GetHEOSNetID</name>
<argumentList>
<argument>
<name>HEOSNetID</name>
<direction>out</direction>
<relatedStateVariable>ARG_HeosNetId</relatedStateVariable>
</argument>
</argumentList>
</action>
<action>
<name>GetLowLatencyConfig</name>
<argumentList>
<argument>
<name>LowLatencyConfig</name>
<direction>out</direction>
<relatedStateVariable>LowLatencyConfig</relatedStateVariable>
</argument>
</argumentList>
</action>
<action>
<name>GetNetworkConfiguration</name>
<argumentList>
<argument>
<name>networkConfigurationId</name>
<direction>in</direction>
<relatedStateVariable>ARG_NetworkConfigurationID</relatedStateVariable>
</argument>
<argument>
<name>networkConfiguration</name>
<direction>out</direction>
<relatedStateVariable>ARG_NetworkConfiguration</relatedStateVariable>
</argument>
</argumentList>
</action>
<action>
<name>GetNetworkConfigurationList</name>
<argumentList>
<argument>
<name>networkConfigurations</name>
<direction>out</direction>
<relatedStateVariable>NetworkConfigurationList</relatedStateVariable>
</argument>
</argumentList>
</action>
<action>
<name>GetNetworkShares</name>
<argumentList>
<argument>
<name>NetworkShareConfig</name>
<direction>out</direction>
<relatedStateVariable>NetworkShareConfig</relatedStateVariable>
</argument>
</argumentList>
</action>
<action>
<name>GetP2PMode</name>
<argumentList>
<argument>
<name>P2PMode</name>
<direction>out</direction>
<relatedStateVariable>ARG_P2pMode</relatedStateVariable>
</argument>
</argumentList>
</action>
<action>
<name>GetQuickSelectNames</name>
<argumentList>
<argument>
<name>QuickSelectNames</name>
<direction>out</direction>
<relatedStateVariable>QuickSelectNames</relatedStateVariable>
</argument>
</argumentList>
</action>
<action>
<name>GetSessionId</name>
<argumentList>
<argument>
<name>sessionId</name>
<direction>out</direction>
<relatedStateVariable>SessionId</relatedStateVariable>
</argument>
</argumentList>
</action>
<action>
<name>GetSupportedLanguageList</name>
<argumentList>
<argument>
<name>languageList</name>
<direction>out</direction>
<relatedStateVariable>ARG_SupportedLanguages</relatedStateVariable>
</argument>
</argumentList>
</action>
<action>
<name>GetSurroundSpeakerConfig</name>
<argumentList>
<argument>
<name>SurroundSpeakerConfig</name>
<direction>out</direction>
<relatedStateVariable>SurroundSpeakerConfig</relatedStateVariable>
</argument>
</argumentList>
</action>
<action>
<name>GetTimeZone</name>
<argumentList>
<argument>
<name>timeZone</name>
<direction>out</direction>
<relatedStateVariable>TimeZone</relatedStateVariable>
</argument>
<argument>
<name>ianaName</name>
<direction>out</direction>
<relatedStateVariable>IANAName</relatedStateVariable>
</argument>
</argumentList>
</action>
<action>
<name>GetTranscode</name>
<argumentList>
<argument>
<name>transcode</name>
<direction>out</direction>
<relatedStateVariable>ARG_Transcode</relatedStateVariable>
</argument>
</argumentList>
</action>
<action>
<name>GetUpdateAction</name>
<argumentList>
<argument>
<name>UpdateAction</name>
<direction>out</direction>
<relatedStateVariable>UpdateAction</relatedStateVariable>
</argument>
</argumentList>
</action>
<action>
<name>GetUpdateLevel</name>
<argumentList>
<argument>
<name>UpdateLevel</name>
<direction>out</direction>
<relatedStateVariable>UpdateLevel</relatedStateVariable>
</argument>
</argumentList>
</action>
<action>
<name>GetUpgradeProgress</name>
<argumentList>
<argument>
<name>upgradeProgress</name>
<direction>out</direction>
<relatedStateVariable>UpgradeProgress</relatedStateVariable>
</argument>
</argumentList>
</action>
<action>
<name>GetUpgradeStatus</name>
<argumentList>
<argument>
<name>upgradeStatus</name>
<direction>out</direction>
<relatedStateVariable>UpgradeStatus</relatedStateVariable>
</argument>
</argumentList>
</action>
<action>
<name>GetVolumeLimit</name>
<argumentList>
<argument>
<name>VolumeLimit</name>
<direction>out</direction>
<relatedStateVariable>VolumeLimit</relatedStateVariable>
</argument>
</argumentList>
</action>
<action>
<name>GetWirelessProfile</name>
<argumentList>
<argument>
<name>wirelessProfile</name>
<direction>out</direction>
<relatedStateVariable>CurrentWirelessProfile</relatedStateVariable>
</argument>
</argumentList>
</action>
<action>
<name>GetWirelessState</name>
<argumentList>
<argument>
<name>wirelessState</name>
<direction>out</direction>
<relatedStateVariable>WirelessState</relatedStateVariable>
</argument>
</argumentList>
</action>
<action>
<name>GetWirelessStatus</name>
<argumentList>
<argument>
<name>status</name>
<direction>out</direction>
<relatedStateVariable>wirelessStatus</relatedStateVariable>
</argument>
</argumentList>
</action>
<action>
<name>ReIndexNetworkShare</name>
<argumentList>
<argument>
<name>id</name>
<direction>in</direction>
<relatedStateVariable>id</relatedStateVariable>
</argument>
</argumentList>
</action>
<action>
<name>ReMountNetworkShare</name>
<argumentList>
<argument>
<name>id</name>
<direction>in</direction>
<relatedStateVariable>id</relatedStateVariable>
</argument>
</argumentList>
</action>
<action>
<name>RecallQuickSelect</name>
<argumentList>
<argument>
<name>QuickSelect</name>
<direction>in</direction>
<relatedStateVariable>QuickSelect</relatedStateVariable>
</argument>
</argumentList>
</action>
<action>
<name>RegisterUser</name>
<argumentList>
<argument>
<name>userInfo</name>
<direction>in</direction>
<relatedStateVariable>ARG_UserInfo</relatedStateVariable>
</argument>
</argumentList>
</action>
<action>
<name>ReleaseConfigurationToken</name>
<argumentList>
<argument>
<name>configurationToken</name>
<direction>in</direction>
<relatedStateVariable>ARG_ConfigurationToken</relatedStateVariable>
</argument>
</argumentList>
</action>
<action>
<name>SetAudioConfig</name>
<argumentList>
<argument>
<name>AudioConfig</name>
<direction>in</direction>
<relatedStateVariable>AudioConfig</relatedStateVariable>
</argument>
</argumentList>
</action>
<action>
<name>SetAvrZoneStatus</name>
<argumentList>
<argument>
<name>status</name>
<direction>in</direction>
<relatedStateVariable>status</relatedStateVariable>
</argument>
</argumentList>
</action>
<action>
<name>SetBluetoothAction</name>
<argumentList>
<argument>
<name>BTAction</name>
<direction>in</direction>
<relatedStateVariable>BTAction</relatedStateVariable>
</argument>
<argument>
<name>BTIndex</name>
<direction>in</direction>
<relatedStateVariable>BTIndex</relatedStateVariable>
</argument>
</argumentList>
</action>
<action>
<name>SetConfigurationStatus</name>
<argumentList>
<argument>
<name>configurationStatus</name>
<direction>in</direction>
<relatedStateVariable>ConfigurationStatus</relatedStateVariable>
</argument>
</argumentList>
</action>
<action>
<name>SetCurrentLanguage</name>
<argumentList>
<argument>
<name>configurationToken</name>
<direction>in</direction>
<relatedStateVariable>ARG_ConfigurationToken</relatedStateVariable>
</argument>
<argument>
<name>languageLocale</name>
<direction>in</direction>
<relatedStateVariable>CurrentLanguageLocale</relatedStateVariable>
</argument>
</argumentList>
</action>
<action>
<name>SetDaylightSaving</name>
<argumentList>
<argument>
<name>daylightSaving</name>
<direction>in</direction>
<relatedStateVariable>DaylightSaving</relatedStateVariable>
</argument>
</argumentList>
</action>
<action>
<name>SetDevicePowerState</name>
<argumentList>
<argument>
<name>devicePower</name>
<direction>in</direction>
<relatedStateVariable>DevicePower</relatedStateVariable>
</argument>
</argumentList>
</action>
<action>
<name>SetFriendlyName</name>
<argumentList>
<argument>
<name>configurationToken</name>
<direction>in</direction>
<relatedStateVariable>ARG_ConfigurationToken</relatedStateVariable>
</argument>
<argument>
<name>friendlyName</name>
<direction>in</direction>
<relatedStateVariable>ARG_FriendlyName</relatedStateVariable>
</argument>
</argumentList>
</action>
<action>
<name>SetHEOSNetID</name>
<argumentList>
<argument>
<name>configurationToken</name>
<direction>in</direction>
<relatedStateVariable>ARG_ConfigurationToken</relatedStateVariable>
</argument>
<argument>
<name>HEOSNetID</name>
<direction>in</direction>
<relatedStateVariable>ARG_HeosNetId</relatedStateVariable>
</argument>
</argumentList>
</action>
<action>
<name>SetLowLatencyConfig</name>
<argumentList>
<argument>
<name>LowLatencyConfig</name>
<direction>in</direction>
<relatedStateVariable>LowLatencyConfig</relatedStateVariable>
</argument>
</argumentList>
</action>
<action>
<name>SetNetworkConfiguration</name>
<argumentList>
<argument>
<name>configurationToken</name>
<direction>in</direction>
<relatedStateVariable>ARG_ConfigurationToken</relatedStateVariable>
</argument>
<argument>
<name>networkConfiguration</name>
<direction>in</direction>
<relatedStateVariable>ARG_NetworkConfiguration</relatedStateVariable>
</argument>
</argumentList>
</action>
<action>
<name>SetQuickSelectNames</name>
<argumentList>
<argument>
<name>QuickSelectNames</name>
<direction>in</direction>
<relatedStateVariable>QuickSelectNames</relatedStateVariable>
</argument>
</argumentList>
</action>
<action>
<name>SetSessionId</name>
<argumentList>
<argument>
<name>sessionId</name>
<direction>in</direction>
<relatedStateVariable>SessionId</relatedStateVariable>
</argument>
</argumentList>
</action>
<action>
<name>SetSurroundSpeakerConfig</name>
<argumentList>
<argument>
<name>SurroundSpeakerConfig</name>
<direction>in</direction>
<relatedStateVariable>SurroundSpeakerConfig</relatedStateVariable>
</argument>
</argumentList>
</action>
<action>
<name>SetTimeZone</name>
<argumentList>
<argument>
<name>timeZone</name>
<direction>in</direction>
<relatedStateVariable>TimeZone</relatedStateVariable>
</argument>
<argument>
<name>ianaName</name>
<direction>in</direction>
<relatedStateVariable>IANAName</relatedStateVariable>
</argument>
</argumentList>
</action>
<action>
<name>SetTranscode</name>
<argumentList>
<argument>
<name>transcode</name>
<direction>in</direction>
<relatedStateVariable>ARG_Transcode</relatedStateVariable>
</argument>
</argumentList>
</action>
<action>
<name>SetUpdateAction</name>
<argumentList>
<argument>
<name>UpdateAction</name>
<direction>in</direction>
<relatedStateVariable>UpdateAction</relatedStateVariable>
</argument>
</argumentList>
</action>
<action>
<name>SetUpdateLevel</name>
<argumentList>
<argument>
<name>UpdateLevel</name>
<direction>in</direction>
<relatedStateVariable>UpdateLevel</relatedStateVariable>
</argument>
</argumentList>
</action>
<action>
<name>SetVolumeLimit</name>
<argumentList>
<argument>
<name>VolumeLimit</name>
<direction>in</direction>
<relatedStateVariable>VolumeLimit</relatedStateVariable>
</argument>
</argumentList>
</action>
<action>
<name>SetWPSPinSSID</name>
<argumentList>
<argument>
<name>configurationToken</name>
<direction>in</direction>
<relatedStateVariable>ARG_ConfigurationToken</relatedStateVariable>
</argument>
<argument>
<name>wpsPinSSID</name>
<direction>in</direction>
<relatedStateVariable>ARG_WPSPinSSID</relatedStateVariable>
</argument>
</argumentList>
</action>
<action>
<name>SetWirelessProfile</name>
<argumentList>
<argument>
<name>configurationToken</name>
<direction>in</direction>
<relatedStateVariable>ARG_ConfigurationToken</relatedStateVariable>
</argument>
<argument>
<name>wirelessProfile</name>
<direction>in</direction>
<relatedStateVariable>CurrentWirelessProfile</relatedStateVariable>
</argument>
</argumentList>
</action>
<action>
<name>StartInvitation</name>
<argumentList>
<argument>
<name>InvitationConfiguration</name>
<direction>in</direction>
<relatedStateVariable>ARG_InvitationConfiguration</relatedStateVariable>
</argument>
</argumentList>
</action>
<action>
<name>StartWifiAp</name>
<argumentList>
<argument>
<name>WifiApConfiguration</name>
<direction>in</direction>
<relatedStateVariable>ARG_WifiApConfiguration</relatedStateVariable>
</argument>
</argumentList>
</action>
<action>
<name>StopInvitation</name>
<argumentList>
<argument>
<name>InvitationConfiguration</name>
<direction>in</direction>
<relatedStateVariable>ARG_InvitationConfiguration</relatedStateVariable>
</argument>
</argumentList>
</action>
<action>
<name>StopWifiAp</name>
<argumentList>
<argument>
<name>WifiApConfiguration</name>
<direction>in</direction>
<relatedStateVariable>ARG_WifiApConfiguration</relatedStateVariable>
</argument>
</argumentList>
</action>
<action>
<name>StoreQuickSelect</name>
<argumentList>
<argument>
<name>QuickSelect</name>
<direction>in</direction>
<relatedStateVariable>QuickSelect</relatedStateVariable>
</argument>
</argumentList>
</action>
<action>
<name>SubmitDiagnostics</name>
<argumentList>
<argument>
<name>UserName</name>
<direction>in</direction>
<relatedStateVariable>ARG_UserName</relatedStateVariable>
</argument>
<argument>
<name>LogId</name>
<direction>in</direction>
<relatedStateVariable>ARG_LogId</relatedStateVariable>
</argument>
</argumentList>
</action>
<action>
<name>UpdateFirmware</name>
<argumentList>
<argument>
<name>configurationToken</name>
<direction>in</direction>
<relatedStateVariable>ARG_ConfigurationToken</relatedStateVariable>
</argument>
</argumentList>
</action>
</actionList>
<serviceStateTable>
<stateVariable sendEvents="no">
<name>ARG_AccessPointList</name>
<dataType>string</dataType>
</stateVariable>
<stateVariable sendEvents="no">
<name>ARG_ConfigurationToken</name>
<dataType>string</dataType>
</stateVariable>
<stateVariable sendEvents="no">
<name>ARG_FriendlyName</name>
<dataType>string</dataType>
</stateVariable>
<stateVariable sendEvents="no">
<name>ARG_HeosNetId</name>
<dataType>string</dataType>
</stateVariable>
<stateVariable sendEvents="no">
<name>ARG_InvitationConfiguration</name>
<dataType>string</dataType>
</stateVariable>
<stateVariable sendEvents="no">
<name>ARG_LastDiscoveredDevice</name>
<dataType>string</dataType>
</stateVariable>
<stateVariable sendEvents="no">
<name>ARG_LogId</name>
<dataType>string</dataType>
</stateVariable>
<stateVariable sendEvents="no">
<name>ARG_NetworkConfiguration</name>
<dataType>string</dataType>
</stateVariable>
<stateVariable sendEvents="no">
<name>ARG_NetworkConfigurationID</name>
<dataType>ui1</dataType>
<defaultValue>1</defaultValue>
<allowedValueRange><minimum>1</minimum><maximum>255</maximum><step>1</step></allowedValueRange>
</stateVariable>
<stateVariable sendEvents="no">
<name>ARG_P2pMode</name>
<dataType>string</dataType>
</stateVariable>
<stateVariable sendEvents="no">
<name>ARG_SupportedLanguages</name>
<dataType>string</dataType>
</stateVariable>
<stateVariable sendEvents="no">
<name>ARG_Transcode</name>
<dataType>boolean</dataType>
<defaultValue>0</defaultValue>
</stateVariable>
<stateVariable sendEvents="no">
<name>ARG_UserInfo</name>
<dataType>string</dataType>
</stateVariable>
<stateVariable sendEvents="no">
<name>ARG_UserName</name>
<dataType>string</dataType>
</stateVariable>
<stateVariable sendEvents="no">
<name>ARG_WPSPinSSID</name>
<dataType>string</dataType>
</stateVariable>
<stateVariable sendEvents="no">
<name>ARG_WifiApConfiguration</name>
<dataType>string</dataType>
</stateVariable>
<stateVariable sendEvents="no">
<name>AudioConfig</name>
<dataType>string</dataType>
</stateVariable>
<stateVariable sendEvents="no">
<name>BTAction</name>
<dataType>string</dataType>
<defaultValue>NONE</defaultValue>
<allowedValueList>
<allowedValue>NONE</allowedValue>
<allowedValue>START_PAIRING</allowedValue>
<allowedValue>CANCEL_PAIRING</allowedValue>
<allowedValue>CONNECT</allowedValue>
<allowedValue>DISCONNECT</allowedValue>
<allowedValue>CLEAR_PAIRED_LIST</allowedValue>
</allowedValueList>
</stateVariable>
<stateVariable sendEvents="no">
<name>BTConfig</name>
<dataType>string</dataType>
</stateVariable>
<stateVariable sendEvents="no">
<name>BTIndex</name>
<dataType>ui4</dataType>
<defaultValue>0</defaultValue>
</stateVariable>
<stateVariable sendEvents="no">
<name>ConfigurationStatus</name>
<dataType>ui4</dataType>
<defaultValue>0</defaultValue>
</stateVariable>
<stateVariable sendEvents="no">
<name>CurrentLanguageLocale</name>
<dataType>string</dataType>
<defaultValue>en_US</defaultValue>
<allowedValueList>
<allowedValue>en_US</allowedValue>
<allowedValue>ar_SA</allowedValue>
<allowedValue>pt_BR</allowedValue>
<allowedValue>fr_CA</allowedValue>
<allowedValue>cs_CZ</allowedValue>
<allowedValue>da_DK</allowedValue>
<allowedValue>de_DE</allowedValue>
<allowedValue>es_ES</allowedValue>
<allowedValue>fa_IR</allowedValue>
<allowedValue>fi_FI</allowedValue>
<allowedValue>fr_FR</allowedValue>
<allowedValue>el_GR</allowedValue>
<allowedValue>iw_IL</allowedValue>
<allowedValue>hu_HU</allowedValue>
<allowedValue>id_ID</allowedValue>
<allowedValue>it_IT</allowedValue>
<allowedValue>ja_JP</allowedValue>
<allowedValue>ko_KR</allowedValue>
<allowedValue>es_AR</allowedValue>
<allowedValue>nl_NL</allowedValue>
<allowedValue>no_NO</allowedValue>
<allowedValue>pl_PL</allowedValue>
<allowedValue>pt_PT</allowedValue>
<allowedValue>ro_RO</allowedValue>
<allowedValue>ru_RU</allowedValue>
<allowedValue>zh_CN</allowedValue>
<allowedValue>sv_SE</allowedValue>
<allowedValue>zh_TW</allowedValue>
<allowedValue>tr_TR</allowedValue>
<allowedValue>vi_VN</allowedValue>
<allowedValue>th_TH</allowedValue>
</allowedValueList>
</stateVariable>
<stateVariable sendEvents="no">
<name>CurrentWirelessProfile</name>
<dataType>string</dataType>
</stateVariable>
<stateVariable sendEvents="no">
<name>DaylightSaving</name>
<dataType>boolean</dataType>
<defaultValue>0</defaultValue>
</stateVariable>
<stateVariable sendEvents="no">
<name>DevicePower</name>
<dataType>string</dataType>
<defaultValue>ON</defaultValue>
<allowedValueList>
<allowedValue>ON</allowedValue>
<allowedValue>OFF</allowedValue>
</allowedValueList>
</stateVariable>
<stateVariable sendEvents="no">
<name>IANAName</name>
<dataType>string</dataType>
</stateVariable>
<stateVariable sendEvents="yes">
<name>LastChange</name>
<dataType>string</dataType>
</stateVariable>
<stateVariable sendEvents="no">
<name>LowLatencyConfig</name>
<dataType>string</dataType>
</stateVariable>
<stateVariable sendEvents="no">
<name>NetworkConfigurationList</name>
<dataType>string</dataType>
</stateVariable>
<stateVariable sendEvents="no">
<name>NetworkShareConfig</name>
<dataType>string</dataType>
</stateVariable>
<stateVariable sendEvents="no">
<name>QuickSelect</name>
<dataType>ui1</dataType>
<defaultValue>0</defaultValue>
</stateVariable>
<stateVariable sendEvents="no">
<name>QuickSelectNames</name>
<dataType>string</dataType>
</stateVariable>
<stateVariable sendEvents="no">
<name>SessionId</name>
<dataType>string</dataType>
</stateVariable>
<stateVariable sendEvents="no">
<name>SurroundSpeakerConfig</name>
<dataType>string</dataType>
</stateVariable>
<stateVariable sendEvents="no">
<name>TimeZone</name>
<dataType>string</dataType>
<defaultValue>(GMT-12:00)</defaultValue>
<allowedValueList>
<allowedValue>(GMT-12:00)</allowedValue>
<allowedValue>(GMT-11:00)</allowedValue>
<allowedValue>(GMT-10:00)</allowedValue>
<allowedValue>(GMT-9:30)</allowedValue>
<allowedValue>(GMT-9:00)</allowedValue>
<allowedValue>(GMT-8:00)</allowedValue>
<allowedValue>(GMT-7:00)</allowedValue>
<allowedValue>(GMT-6:00)</allowedValue>
<allowedValue>(GMT-5:00)</allowedValue>
<allowedValue>(GMT-4:30)</allowedValue>
<allowedValue>(GMT-4:00)</allowedValue>
<allowedValue>(GMT-3:30)</allowedValue>
<allowedValue>(GMT-3:00)</allowedValue>
<allowedValue>(GMT-2:00)</allowedValue>
<allowedValue>(GMT-1:00)</allowedValue>
<allowedValue>(GMT)</allowedValue>
<allowedValue>(GMT+1:00)</allowedValue>
<allowedValue>(GMT+2:00)</allowedValue>
<allowedValue>(GMT+3:00)</allowedValue>
<allowedValue>(GMT+3:30)</allowedValue>
<allowedValue>(GMT+4:00)</allowedValue>
<allowedValue>(GMT+4:30)</allowedValue>
<allowedValue>(GMT+5:00)</allowedValue>
<allowedValue>(GMT+5:30)</allowedValue>
<allowedValue>(GMT+5:45)</allowedValue>
<allowedValue>(GMT+6:00)</allowedValue>
<allowedValue>(GMT+6:30)</allowedValue>
<allowedValue>(GMT+7:00)</allowedValue>
<allowedValue>(GMT+8:00)</allowedValue>
<allowedValue>(GMT+8:30)</allowedValue>
<allowedValue>(GMT+8:45)</allowedValue>
<allowedValue>(GMT+9:00)</allowedValue>
<allowedValue>(GMT+9:30)</allowedValue>
<allowedValue>(GMT+10:00)</allowedValue>
<allowedValue>(GMT+10:30)</allowedValue>
<allowedValue>(GMT+11:00)</allowedValue>
<allowedValue>(GMT+11:30)</allowedValue>
<allowedValue>(GMT+12:00)</allowedValue>
<allowedValue>(GMT+12:45)</allowedValue>
<allowedValue>(GMT+13:00)</allowedValue>
<allowedValue>(GMT+14:00)</allowedValue>
</allowedValueList>
</stateVariable>
<stateVariable sendEvents="no">
<name>UpdateAction</name>
<dataType>string</dataType>
<defaultValue>UPDATE_ACTION_NONE</defaultValue>
<allowedValueList>
<allowedValue>UPDATE_ACTION_NONE</allowedValue>
<allowedValue>UPDATE_ACTION_TONIGHT</allowedValue>
<allowedValue>UPDATE_ACTION_REMIND</allowedValue>
<allowedValue>UPDATE_ACTION_SKIP</allowedValue>
</allowedValueList>
</stateVariable>
<stateVariable sendEvents="no">
<name>UpdateLevel</name>
<dataType>ui4</dataType>
<defaultValue>3</defaultValue>
</stateVariable>
<stateVariable sendEvents="no">
<name>UpgradeProgress</name>
<dataType>ui1</dataType>
<defaultValue>0</defaultValue>
</stateVariable>
<stateVariable sendEvents="no">
<name>UpgradeStatus</name>
<dataType>string</dataType>
</stateVariable>
<stateVariable sendEvents="no">
<name>VolumeLimit</name>
<dataType>ui1</dataType>
<defaultValue>100</defaultValue>
</stateVariable>
<stateVariable sendEvents="no">
<name>WirelessState</name>
<dataType>string</dataType>
</stateVariable>
<stateVariable sendEvents="no">
<name>id</name>
<dataType>string</dataType>
</stateVariable>
<stateVariable sendEvents="no">
<name>name</name>
<dataType>string</dataType>
</stateVariable>
<stateVariable sendEvents="no">
<name>pass</name>
<dataType>string</dataType>
</stateVariable>
<stateVariable sendEvents="no">
<name>path</name>
<dataType>string</dataType>
</stateVariable>
<stateVariable sendEvents="no">
<name>status</name>
<dataType>string</dataType>
</stateVariable>
<stateVariable sendEvents="no">
<name>user</name>
<dataType>string</dataType>
</stateVariable>
<stateVariable sendEvents="no">
<name>wirelessStatus</name>
<dataType>string</dataType>
</stateVariable>
</serviceStateTable>
</scpd>
